Host,Owner,Repository,Stars
github.com,shadowsocks,shadowsocks-windows,52624
github.com,dotnet-architecture,eShopOnContainers,18232
github.com,icsharpcode,ILSpy,13104
github.com,OpenRA,OpenRA,9490
github.com,AutoMapper,AutoMapper,8157
github.com,felixse,FluentTerminal,7977
github.com,ardalis,CleanArchitecture,7277
github.com,jbogard,MediatR,6701
github.com,FluentValidation,FluentValidation,6465
github.com,reactiveui,ReactiveUI,6407
github.com,dotnet-architecture,eShopOnWeb,6299
github.com,carlospolop,PEASS-ng,5912
github.com,ElectronNET,Electron.NET,5836
github.com,kgrzybek,modular-monolith-with-ddd,5579
github.com,migueldeicaza,gui.cs,5494
github.com,QuantConnect,Lean,5263
github.com,de4dot,de4dot,5252
github.com,OrchardCMS,OrchardCore,5231
github.com,EduardoPires,EquinoxProject,4888
github.com,graphql-dotnet,graphql-dotnet,4858
github.com,HMBSbige,ShadowsocksR-Windows,4824
github.com,egametang,ET,4639
github.com,HearthSim,Hearthstone-Deck-Tracker,4411
github.com,EventStore,EventStore,4247
github.com,jstedfast,MailKit,4198
github.com,dotnet-state-machine,stateless,3920
github.com,microsoft,ApplicationInspector,3825
github.com,AngleSharp,AngleSharp,3820
github.com,louthy,language-ext,3745
github.com,MassTransit,MassTransit,3726
github.com,shimat,opencvsharp,3293
github.com,anjoy8,Blog.Core,3247
github.com,stnkl,EverythingToolbar,3162
github.com,elastic,elasticsearch-net,3107
github.com,dotnetcore,DotnetSpider,3088
github.com,cake-build,cake,2988
github.com,kerryjiang,SuperSocket,2962
github.com,MediaBrowser,Emby,2882
github.com,picoe,Eto,2849
github.com,bitwarden,mobile,2783
github.com,lostindark,DriverStoreExplorer,2777
github.com,Dotnet-Boxed,Templates,2721
github.com,icsharpcode,SharpZipLib,2711
github.com,Tyrrrz,DiscordChatExporter,2649
github.com,chromelyapps,Chromely,2636
github.com,ClosedXML,ClosedXML,2578
github.com,Ombi-app,Ombi,2565
github.com,xoofx,markdig,2536
github.com,cobbr,Covenant,2498
github.com,Armin2208,Windows-Auto-Night-Mode,2419
github.com,dbrizov,NaughtyAttributes,2384
github.com,MiniProfiler,dotnet,2367
github.com,Cysharp,MagicOnion,2337
github.com,sebastienros,jint,2293
github.com,ServiceStack,ServiceStack.Redis,2185
github.com,EasyNetQ,EasyNetQ,2165
github.com,rafaelfgx,Architecture,2121
github.com,mono,CppSharp,2120
github.com,reactiveui,Akavache,2120
github.com,Cysharp,UniTask,2118
github.com,p-org,P,2114
github.com,reactjs,React.NET,2111
github.com,github,VisualStudio,2098
github.com,octokit,octokit.net,2097
github.com,microsoft,AttackSurfaceAnalyzer,2075
github.com,cq-panda,Vue.NetCore,2063
github.com,exceptionless,Exceptionless,2055
github.com,dotnetcore,osharp,2024
github.com,GitTools,GitVersion,2013
github.com,openiddict,openiddict-core,1991
github.com,NetDimension,NanUI,1980
github.com,GavinYellow,SharpSCADA,1947
github.com,benaadams,Ben.Demystifier,1933
github.com,dlemstra,Magick.NET,1904
github.com,peachpiecompiler,peachpie,1863
github.com,actions,runner,1851
github.com,SteamRE,SteamKit,1851
github.com,pnp,PnP,1843
github.com,Tyrrrz,YoutubeDownloader,1806
github.com,pwntester,ysoserial.net,1803
github.com,hirschmann,nbfc,1796
github.com,robinrodricks,FluentFTP,1790
github.com,Facepunch,Facepunch.Steamworks,1772
github.com,lukencode,FluentEmail,1722
github.com,natemcmaster,CommandLineUtils,1689
github.com,dotnet,samples,1675
github.com,Tyrrrz,YoutubeExplode,1668
github.com,builtbybel,privatezilla,1656
github.com,odedshimon,BruteShark,1628
github.com,jwt-dotnet,jwt,1621
github.com,UnigramDev,Unigram,1595
github.com,microcharts-dotnet,Microcharts,1587
github.com,MetacoSA,NBitcoin,1586
github.com,shouldly,shouldly,1581
github.com,kgrzybek,sample-dotnet-core-cqrs-api,1567
github.com,scriban,scriban,1528
github.com,nxrighthere,UnrealCLR,1516
github.com,praeclarum,Ooui,1513
github.com,Squidex,squidex,1509
github.com,adamhathcock,sharpcompress,1505
github.com,rabbitmq,rabbitmq-dotnet-client,1490
github.com,cairoshell,cairoshell,1457
github.com,bombomby,optick,1445
github.com,gothinkster,aspnetcore-realworld-example-app,1422
github.com,FoundatioFx,Foundatio,1419
github.com,dafny-lang,dafny,1382
github.com,lucent-sea,Remotely,1371
github.com,aspnet-contrib,AspNet.Security.OAuth.Providers,1329
github.com,Belphemur,SoundSwitch,1323
github.com,Nethereum,Nethereum,1297
github.com,0xd4d,dnlib,1296
github.com,open-telemetry,opentelemetry-dotnet,1289
github.com,icedland,iced,1286
github.com,jstedfast,MimeKit,1281
github.com,Tyrrrz,LightBulb,1258
github.com,asadsahi,AspNetCoreSpa,1256
github.com,icsharpcode,AvalonEdit,1211
github.com,1y0n,AV_Evasion_Tool,1207
github.com,ardalis,ApiEndpoints,1204
github.com,Sergio0694,ComputeSharp,1182
github.com,Tyrrrz,CliWrap,1178
github.com,phw198,OutlookGoogleCalendarSync,1174
github.com,reactivemarbles,DynamicData,1153
github.com,chocolatey,ChocolateyGUI,1108
github.com,DynamoDS,Dynamo,1094
github.com,microsoft,coyote,1078
github.com,oskardudycz,EventSourcing.NetCore,1078
github.com,unosquare,embedio,1076
github.com,davideicardi,DynamicExpresso,1072
github.com,cloudscribe,cloudscribe,1059
github.com,qmk,qmk_toolbox,1056
github.com,VeriorPies,ParrelSync,1045
github.com,microsoft,RulesEngine,1037
github.com,servicetitan,Stl.Fusion,1033
github.com,Mpdreamz,shellprogressbar,1028
github.com,natemcmaster,LettuceEncrypt,1024
github.com,tomakita,Colorful.Console,1011
dev.azure.com,microsoft,PowerToys,57582
dev.azure.com,dotnet,roslyn,14697
dev.azure.com,AvaloniaUI,Avalonia,11675
dev.azure.com,files-community,Files,11561
dev.azure.com,MaterialDesignInXAML,MaterialDesignInXamlToolkit,11050
dev.azure.com,dotnet,maui,10751
dev.azure.com,mono,mono,9399
dev.azure.com,JamesNK,Newtonsoft.Json,8693
dev.azure.com,dotnet,machinelearning,7585
dev.azure.com,dotnet,BenchmarkDotNet,6708
dev.azure.com,Jackett,Jackett,6132
dev.azure.com,Humanizr,Humanizer,6093
dev.azure.com,microsoft,VFSForGit,5485
dev.azure.com,Radarr,Radarr,5314
dev.azure.com,reactiveui,refit,5188
dev.azure.com,dotnet,reactive,5033
dev.azure.com,PrismLibrary,Prism,4636
dev.azure.com,microsoft,MixedRealityToolkit-Unity,4609
dev.azure.com,dotnet,msbuild,4548
dev.azure.com,CommunityToolkit,WindowsCommunityToolkit,4347
dev.azure.com,microsoft,microsoft-ui-xaml,4028
dev.azure.com,akkadotnet,akka.net,3911
dev.azure.com,OptiKey,OptiKey,3850
dev.azure.com,MvvmCross,MvvmCross,3554
dev.azure.com,neuecc,MessagePack-CSharp,3458
dev.azure.com,naudio,NAudio,3439
dev.azure.com,anjoy8,Blog.Core,3247
dev.azure.com,VsVim,VsVim,3161
dev.azure.com,dotnetcore,WTM,3137
dev.azure.com,dotnetcore,DotnetSpider,3088
dev.azure.com,dotnet,standard,3061
dev.azure.com,cake-build,cake,2988
dev.azure.com,ivanpaulovich,clean-architecture-manga,2927
dev.azure.com,skoruba,IdentityServer4.Admin,2817
dev.azure.com,Dotnet-Boxed,Templates,2721
dev.azure.com,microsoft,perfview,2703
dev.azure.com,Ombi-app,Ombi,2565
dev.azure.com,libgit2,libgit2sharp,2381
dev.azure.com,mono,SkiaSharp,2261
dev.azure.com,dotnet,command-line-api,2173
dev.azure.com,dotnet,try,2166
dev.azure.com,coverlet-coverage,coverlet,2136
dev.azure.com,discord-net,Discord.Net,2040
dev.azure.com,Lidarr,Lidarr,2022
dev.azure.com,GitTools,GitVersion,2013
dev.azure.com,PomeloFoundation,Pomelo.EntityFrameworkCore.MySql,1998
dev.azure.com,NuGetPackageExplorer,NuGetPackageExplorer,1873
dev.azure.com,SpecFlowOSS,SpecFlow,1756
dev.azure.com,xamarin,xamarin-android,1601
dev.azure.com,Azure,azure-functions-host,1584
dev.azure.com,JasperFx,marten,1542
dev.azure.com,dotnet,wcf,1492
dev.azure.com,dotnet,pinvoke,1425
dev.azure.com,dotnet,iot,1404
dev.azure.com,xamarin,Essentials,1403
dev.azure.com,NLua,NLua,1397
dev.azure.com,lucent-sea,Remotely,1371
dev.azure.com,dotnetcore,Magicodes.IE,1341
dev.azure.com,xamarin,XamarinCommunityToolkit,1337
dev.azure.com,Nethereum,Nethereum,1297
dev.azure.com,zkSNACKs,WalletWasabi,1289
dev.azure.com,dotnet,interactive,1242
dev.azure.com,PowerShell,PSScriptAnalyzer,1222
dev.azure.com,vkhorikov,CSharpFunctionalExtensions,1198
dev.azure.com,VitalElement,AvalonStudio,1187
dev.azure.com,dotnet,sdk,1176
dev.azure.com,OmniSharp,omnisharp-roslyn,1135
dev.azure.com,dotnet,roslyn-analyzers,1094
dev.azure.com,dotnet,format,1067
dev.azure.com,prometheus-net,prometheus-net,1066
dev.azure.com,microsoft,Xaml-Controls-Gallery,1049
dev.azure.com,dotnet,templating,1044
dev.azure.com,Readarr,Readarr,1024
travis-ci.org,chocolatey,choco,7589
travis-ci.org,NancyFx,Nancy,7140
travis-ci.org,HangfireIO,Hangfire,6836
travis-ci.org,duplicati,duplicati,6327
travis-ci.org,dvf,blockchain,6145
travis-ci.org,mbdavid,LiteDB,5880
travis-ci.org,ElectronNET,Electron.NET,5836
travis-ci.org,hbons,SparkleShare,4596
travis-ci.org,studyzy,imewlconverter,4159
travis-ci.org,accord-net,framework,4110
travis-ci.org,simplcommerce,SimplCommerce,3348
travis-ci.org,migueldeicaza,TensorFlowSharp,2997
travis-ci.org,cake-build,cake,2988
travis-ci.org,dotnet,docfx,2725
travis-ci.org,libgit2,libgit2sharp,2381
travis-ci.org,OneGet,oneget,2287
travis-ci.org,bridgedotnet,Bridge,2248
travis-ci.org,opentk,opentk,2137
travis-ci.org,ddevault,TrueCraft,2136
travis-ci.org,liangxiegame,QFramework,2123
travis-ci.org,confluentinc,confluent-kafka-dotnet,1997
travis-ci.org,Antaris,RazorEngine,1983
travis-ci.org,tModLoader,tModLoader,1809
travis-ci.org,vietnam-devs,coolstore-microservices,1808
travis-ci.org,aws,aws-sdk-net,1662
travis-ci.org,JabbR,JabbR,1508
travis-ci.org,aaubry,YamlDotNet,1502
travis-ci.org,bombomby,optick,1445
travis-ci.org,asc-lab,dotnetcore-microservices-poc,1414
travis-ci.org,ivaylokenov,MyTested.AspNetCore.Mvc,1411
travis-ci.org,NLua,NLua,1397
travis-ci.org,PiranhaCMS,piranha.core,1352
travis-ci.org,Tencent,InjectFix,1328
travis-ci.org,amaneureka,AtomOS,1241
travis-ci.org,dotnetcore,EasyCaching,1152
travis-ci.org,loklak,loklak_dotnet_api,1113
travis-ci.org,toddams,RazorLight,1112
travis-ci.org,cloudscribe,cloudscribe,1059
travis-ci.org,KhronosGroup,UnityGLTF,1019
travis-ci.org,ricardojmendez,UnitySteer,1006
i.imgur.com,Wox-launcher,Wox,20493
i.imgur.com,xupefei,Locale-Emulator,6194
i.imgur.com,HearthSim,Hearthstone-Deck-Tracker,4411
i.imgur.com,marian42,wavefunctioncollapse,3101
i.imgur.com,MediaBrowser,Emby,2882
i.imgur.com,Ombi-app,Ombi,2565
i.imgur.com,keijiro,Skinner,2474
i.imgur.com,IgnaceMaes,MaterialSkin,2303
i.imgur.com,sqlkata,querybuilder,1964
i.imgur.com,Codeusa,SteamCleaner,1679
i.imgur.com,mellinoe,veldrid,1644
i.imgur.com,antonpup,Aurora,1598
i.imgur.com,kwsch,PKHeX,1593
i.imgur.com,keijiro,Klak,1399
i.imgur.com,BeardedManStudios,ForgeNetworkingRemastered,1387
i.imgur.com,Unity-Technologies,VolumetricLighting,1348
i.imgur.com,Belphemur,SoundSwitch,1323
i.imgur.com,Monnoroch,ColorHighlighter,1309
i.imgur.com,amaneureka,AtomOS,1241
i.imgur.com,hallatore,Netling,1212
i.imgur.com,keijiro,Voxelman,1156
i.imgur.com,keijiro,Kino,1141
i.imgur.com,Unity-Technologies,com.unity.multiplayer.mlapi,1093
i.imgur.com,SebLague,Path-Creator,1080
i.imgur.com,qmk,qmk_toolbox,1056
i.imgur.com,natemcmaster,LettuceEncrypt,1024
github-private.visualstudio.com,microsoft,PowerToys,57582
www.codefactor.io,PowerShell,PowerShell,27894
www.codefactor.io,ppy,osu,7541
www.codefactor.io,MvvmCross,MvvmCross,3554
www.codefactor.io,hardkoded,puppeteer-sharp,1968
www.codefactor.io,PiranhaCMS,piranha.core,1352
www.codefactor.io,zkSNACKs,WalletWasabi,1289
www.codefactor.io,VitalElement,AvalonStudio,1187
cloud.githubusercontent.com,chocolatey,choco,7589
cloud.githubusercontent.com,neuecc,UniRx,5236
cloud.githubusercontent.com,neuecc,MessagePack-CSharp,3458
cloud.githubusercontent.com,ExtendRealityLtd,VRTK,3367
cloud.githubusercontent.com,projectkudu,kudu,2782
cloud.githubusercontent.com,Ombi-app,Ombi,2565
cloud.githubusercontent.com,Cysharp,MagicOnion,2337
cloud.githubusercontent.com,neuecc,ZeroFormatter,2176
cloud.githubusercontent.com,IdentityServer,IdentityServer3,2040
cloud.githubusercontent.com,DotNetAnalyzers,StyleCopAnalyzers,1903
cloud.githubusercontent.com,NuGetPackageExplorer,NuGetPackageExplorer,1873
cloud.githubusercontent.com,MapsterMapper,Mapster,1694
cloud.githubusercontent.com,dotnet,wcf,1492
cloud.githubusercontent.com,rubberduck-vba,Rubberduck,1383
cloud.githubusercontent.com,gigya,microdot,1286
discordapp.com,files-community,Files,11561
discordapp.com,ppy,osu,7541
discordapp.com,dotnet,csharplang,7287
discordapp.com,HearthSim,Hearthstone-Deck-Tracker,4411
discordapp.com,opentk,opentk,2137
discordapp.com,ModernFlyouts-Community,ModernFlyouts,1678
cdn.rawgit.com,thangchung,awesome-dotnet-core,14884
cdn.rawgit.com,ThreeMammals,Ocelot,6374
cdn.rawgit.com,gitextensions,gitextensions,5749
cdn.rawgit.com,jasonhua95,awesome-dotnet-core,1083
powershell.visualstudio.com,PowerShell,PowerShell,27894
www.ko-fi.com,NickeManarin,ScreenToGif,14981
www.ko-fi.com,JasonStein,Notepads,4845
www.ko-fi.com,rocksdanister,lively,4564
devdiv.visualstudio.com,dotnet,maui,10751
devdiv.visualstudio.com,xamarin,Xamarin.Forms,5366
devdiv.visualstudio.com,microsoft,PTVS,2357
devdiv.visualstudio.com,microsoft,nodejstools,1769
mirrors.creativecommons.org,thangchung,awesome-dotnet-core,14884
mirrors.creativecommons.org,thangchung,clean-code-dotnet,4034
mirrors.creativecommons.org,jasonhua95,awesome-dotnet-core,1083
www.paypalobjects.com,carlospolop,PEASS-ng,5912
www.paypalobjects.com,accord-net,framework,4110
www.paypalobjects.com,xoofx,markdig,2536
www.paypalobjects.com,rlabrecque,Steamworks.NET,1733
www.paypalobjects.com,enkodellc,blazorboilerplate,1366
www.paypalobjects.com,Monnoroch,ColorHighlighter,1309
www.paypalobjects.com,asadsahi,AspNetCoreSpa,1256
www.paypalobjects.com,phw198,OutlookGoogleCalendarSync,1174
dnceng.visualstudio.com,dotnet,runtime,6614
dnceng.visualstudio.com,dotnet,wpf,5234
dnceng.visualstudio.com,dotnet,tye,3651
dnceng.visualstudio.com,dotnet,spark,1668
getsharex.com,ShareX,ShareX,16690
badges.crowdin.net,JustArchiNET,ArchiSteamFarm,6810
badges.crowdin.net,OrchardCMS,OrchardCore,5231
badges.crowdin.net,stnkl,EverythingToolbar,3162
badges.crowdin.net,PiranhaCMS,piranha.core,1352
www.gnu.org,QL-Win,QuickLook,9277
www.gnu.org,xupefei,Locale-Emulator,6194
d322cqt584bo4o.cloudfront.net,MathewSachin,Captura,6245
d322cqt584bo4o.cloudfront.net,d2phap,ImageGlass,2916
d322cqt584bo4o.cloudfront.net,bitwarden,mobile,2783
d322cqt584bo4o.cloudfront.net,Ombi-app,Ombi,2565
jenkins.mono-project.com,mono,mono,9399
jenkins.mono-project.com,mono,monodevelop,2660
jenkins.mono-project.com,xamarin,xamarin-android,1601
feeds.dev.azure.com,Humanizr,Humanizer,6093
feeds.dev.azure.com,Dotnet-Boxed,Templates,2721
feeds.dev.azure.com,fluentmigrator,fluentmigrator,2549
feeds.dev.azure.com,PomeloFoundation,Pomelo.EntityFrameworkCore.MySql,1998
readthedocs.org,OrchardCMS,OrchardCore,5231
readthedocs.org,SciSharp,TensorFlow.NET,1994
readthedocs.org,DbUp,DbUp,1529
readthedocs.org,Nethereum,Nethereum,1297
readthedocs.org,SciSharp,BotSharp,1178
readthedocs.org,Invoke-IR,PowerForensics,1100
readthedocs.org,TestStack,White,1004
azpkgsshield.azurevoodoo.net,reactiveui,refit,5188
azpkgsshield.azurevoodoo.net,dotnet,reactive,5033
azpkgsshield.azurevoodoo.net,cake-build,cake,2988
codescene.io,ThreeMammals,Ocelot,6374
codescene.io,gitextensions,gitextensions,5749
travis-ci.com,nopSolutions,nopCommerce,6439
travis-ci.com,TheAlgorithms,C-Sharp,2701
travis-ci.com,nsubstitute,NSubstitute,1585
travis-ci.com,qmlnet,qmlnet,1213
www.codetriage.com,opserver,Opserver,4092
www.codetriage.com,cake-build,cake,2988
www.codetriage.com,ClosedXML,ClosedXML,2578
www.codetriage.com,code-cracker,code-cracker,1060
ci.volosoft.com,aspnetboilerplate,aspnetboilerplate,9716
www.pollytalk.org,App-vNext,Polly,9444
app.fossa.com,studyzy,imewlconverter,4159
app.fossa.com,dotnetcore,WTM,3137
app.fossa.com,rnwood,smtp4dev,1439
img.youtube.com,gitextensions,gitextensions,5749
img.youtube.com,blazorhero,CleanArchitecture,1679
img.youtube.com,Nethereum,Nethereum,1297
scan.coverity.com,jstedfast,MailKit,4198
scan.coverity.com,libgit2,libgit2sharp,2381
scan.coverity.com,jstedfast,MimeKit,1281
teamcity.monogame.net,MonoGame,MonoGame,7634
rawcdn.githack.com,chocolatey,choco,7589
www.openhub.net,chocolatey,choco,7589
slack.nancyfx.org,NancyFx,Nancy,7140
mysenparc.visualstudio.com,JeffreySu,WeiXinMPSDK,6897
sdk.weixin.senparc.com,JeffreySu,WeiXinMPSDK,6897
starcharts.herokuapp.com,JeffreySu,WeiXinMPSDK,6897
upload-images.jianshu.io,Jimmey-Jiang,Common.Utility,3987
upload-images.jianshu.io,ferventdesert,Hawk,2872
hangfire.io,HangfireIO,Hangfire,6836
travis-matrix-badges.herokuapp.com,dotnet,BenchmarkDotNet,6708
www.nopcommerce.com,nopSolutions,nopCommerce,6439
starchart.cc,HandyOrg,HandyControl,2950
starchart.cc,liangxiegame,QFramework,2123
starchart.cc,dotnetcore,Magicodes.IE,1341
www.bountysource.com,duplicati,duplicati,6327
mathewsachin.github.io,MathewSachin,Captura,6245
gitee.com,SteamTools-Team,SteamTools,3196
gitee.com,HandyOrg,HandyControl,2950
www.myget.org,autofac,Autofac,3561
www.myget.org,codebude,QRCoder,2529
repology.org,carlospolop,PEASS-ng,5912
www.plantuml.com,kgrzybek,modular-monolith-with-ddd,5579
translate.servarr.com,Radarr,Radarr,5314
nilaoda.github.io,nilaoda,N_m3u8DL-CLI,5290
cdn.quantconnect.com,QuantConnect,Lean,5263
api-prd.cloudsmith.io,OrchardCMS,OrchardCore,5231
gitpod.io,unoplatform,uno,5045
cap.dotnetcore.xyz,dotnetcore,CAP,4949
ga-beacon.appspot.com,nissl-lab,npoi,3817
ga-beacon.appspot.com,unosquare,embedio,1076
sourcerer.io,JasonStein,Notepads,4845
contributors-img.web.app,exceptionless,Exceptionless,2055
contributors-img.web.app,FoundatioFx,Foundatio,1419
contributors-img.web.app,open-telemetry,opentelemetry-dotnet,1289
serilog.net,serilog,serilog,4696
open.vscode.dev,autofac,Autofac,3561
open.vscode.dev,microsoft,coyote,1078
dansiegelgithubsponsors.blob.core.windows.net,PrismLibrary,Prism,4636
docs.microsoft.com,microsoft,MixedRealityToolkit-Unity,4609
codingflow.visualstudio.com,jasontaylordev,NorthwindTraders,4499
images.gotowebinar.com,RicoSuter,NSwag,4480
vsrm.dev.azure.com,CommunityToolkit,WindowsCommunityToolkit,4347
win-acme.com,win-acme,win-acme,4170
tokei.rs,studyzy,imewlconverter,4159
zenodo.org,accord-net,framework,4110
api.flattr.com,accord-net,framework,4110
www.osnews.com,thangchung,clean-code-dotnet,4034
via.placeholder.com,chromelyapps,Chromely,2636
via.placeholder.com,1y0n,AV_Evasion_Tool,1207
cla-assistant.io,AngleSharp,AngleSharp,3820
badges.guardrails.io,TheAlgorithms,C-Sharp,2701
badges.guardrails.io,dwmkerr,sharpshell,1054
avatars2.githubusercontent.com,MassTransit,MassTransit,3726
www.donet5.com,donet5,SqlSugar,3546
gw.alipayobjects.com,ant-design-blazor,ant-design-blazor,3509
umbraco.visualstudio.com,umbraco,Umbraco-CMS,3379
simplcommerce.visualstudio.com,simplcommerce,SimplCommerce,3348
socialify.git.ci,shimat,opencvsharp,3293
stride3d.net,stride3d,stride,3254
cdn.akamai.steamstatic.com,Codeusa,Borderless-Gaming,3248
githubbadges.com,anjoy8,Blog.Core,3247
img.neters.club,anjoy8,Blog.Core,3247
mybinder.org,SciSharp,TensorFlow.NET,1994
mybinder.org,dotnet,interactive,1242
discord.com,discord-net,Discord.Net,2040
discord.com,Revolutionary-Games,Thrive,1044
app.bitrise.io,cake-build,cake,2988
cakebitbucketpipelinesshield.azurewebsites.net,cake-build,cake,2988
gameframework.cn,EllanJiang,GameFramework,2965
builtwithdot.net,jamesmh,coravel,1830
builtwithdot.net,unosquare,embedio,1076
dl.dropboxusercontent.com,MediaBrowser,Emby,2882
www.paypal.com,micjahn,ZXing.Net,1729
www.paypal.com,obfuscar,obfuscar,1144
office.visualstudio.com,OfficeDev,Open-XML-SDK,2836
sscms.visualstudio.com,siteserver,cms,2795
sscms.com,siteserver,cms,2795
docfx.visualstudio.com,dotnet,docfx,2725
ceapex.visualstudio.com,dotnet,docfx,2725
docascode.visualstudio.com,dotnet,docfx,2725
k8gege.github.io,k8gege,Ladon,2625
img-blog.csdnimg.cn,k8gege,Ladon,2625
chillicream.com,ChilliCream,hotchocolate,2554
www.zkea.net,SeriaWei,ZKEACMS,2530
i.giphy.com,keijiro,Skinner,2474
68.media.tumblr.com,keijiro,Skinner,2474
azure-sdk-impressions.azurewebsites.net,Azure,azure-sdk-for-net,2473
firstfloorsoftware.com,firstfloorsoftware,mui,2453
oxyplot.github.io,oxyplot,oxyplot,2343
issuestats.com,scriptcs,scriptcs,2314
www.jetbrains.com,zeromq,netmq,2267
speed.bridge.net,bridgedotnet,Bridge,2248
www.fakesmilerevolution.com,Franiac,TwitchLeecher,2218
servicestack.net,ServiceStack,ServiceStack.Redis,2185
drewdevault.com,ddevault,TrueCraft,2136
sr.ht,ddevault,TrueCraft,2136
f.cl.ly,reactiveui,Akavache,2120
microsoft.visualstudio.com,microsoft,aspnet-api-versioning,2058
nunit.visualstudio.com,nunit,nunit,2053
winappstudio.visualstudio.com,microsoft,WindowsTemplateStudio,2015
wtsrepository.blob.core.windows.net,microsoft,WindowsTemplateStudio,2015
www.jocys.com,x360ce,x360ce,1961
aoa.blob.core.windows.net,benaadams,Ben.Demystifier,1933
npenightly.blob.core.windows.net,NuGetPackageExplorer,NuGetPackageExplorer,1873
iolevel.visualstudio.com,peachpiecompiler,peachpie,1863
api.netlify.com,jamesmh,coravel,1830
cdn-images-1.medium.com,wolfgarbe,SymSpell,1822
avatars1.githubusercontent.com,sprache,Sprache,1799
rbsoft.org,ravibpatel,AutoUpdater.NET,1767
specflow.vsrm.visualstudio.com,SpecFlowOSS,SpecFlow,1756
bernhardrichter.visualstudio.com,filipw,dotnet-script,1742
sharml.visualstudio.com,loic-sharma,BaGet,1724
a.fsdn.com,mafaca,UtinyRipper,1701
upload.wikimedia.org,MapsterMapper,Mapster,1694
fs1.directupload.net,filoe,cscore,1690
download-codeplex.sec.s-msft.com,filoe,cscore,1690
fs5.directupload.net,filoe,cscore,1690
33.media.tumblr.com,keijiro,KinoGlitch,1689
31.media.tumblr.com,keijiro,KinoGlitch,1689
forthebadge.com,Codeusa,SteamCleaner,1679
jsil.org,sq,JSIL,1677
dragablz.files.wordpress.com,ButchersBoy,Dragablz,1674
vk.com,sidristij,dotnetbook,1655
media.githubusercontent.com,Unity-Technologies,BoatAttack,1652
gdurl.com,Unity-Technologies,BoatAttack,1652
abatishchev.visualstudio.com,jwt-dotnet,jwt,1621
abatishchev.vsrm.visualstudio.com,jwt-dotnet,jwt,1621
badges.pufler.dev,FastReports,FastReport,1567
fastreports.github.io,FastReports,FastReport,1567
images.gitee.com,kwwwvagaa,NetWinformControl,1561
jasperfx.github.io,JasperFx,marten,1542
syomus.com,Syomus,ProceduralToolkit,1542
bqu2ya.dm1.livefilestore.com,SlightlyMad,VolumetricLights,1517
agu0ya-dm2305.files.1drv.com,SlightlyMad,VolumetricLights,1517
agu1ya-dm2306.files.1drv.com,SlightlyMad,VolumetricLights,1517
agupya-dm2pap001.files.1drv.com,SlightlyMad,VolumetricLights,1517
aguqya-dm2305.files.1drv.com,SlightlyMad,VolumetricLights,1517
bqu4ya.dm2302.livefilestore.com,SlightlyMad,VolumetricLights,1517
bqu3ya.dm2302.livefilestore.com,SlightlyMad,VolumetricLights,1517
neventstore.org,NEventStore,NEventStore,1503
cairoshell.github.io,cairoshell,cairoshell,1457
optick.dev,bombomby,optick,1445
image.ibb.co,Tayx94,graphy,1443
i.gyazo.com,Elringus,SpriteGlow,1439
danielpalme.github.io,danielpalme,ReportGenerator,1410
build.appcenter.ms,xamarin,Essentials,1403
secure.gravatar.com,NLua,NLua,1397
panuonui-silver-1252047526.cos.ap-chengdu.myqcloud.com,Mochengvia,PanuonUI.Silver,1394
www.newlifex.com,NewLifeX,X,1378
msrcambridge.visualstudio.com,dotnet,infer,1374
enkodellc.visualstudio.com,enkodellc,blazorboilerplate,1366
hosted.weblate.org,Belphemur,SoundSwitch,1323
soundswitch.aaflalo.me,Belphemur,SoundSwitch,1323
sametmax.com,Monnoroch,ColorHighlighter,1309
cdn.assistant.moe,Assistant,ModAssistant,1282
scutgame.com,ScutGame,Scut,1278
asadsahi.visualstudio.com,asadsahi,AspNetCoreSpa,1256
avatars.githubusercontent.com,nuke-build,nuke,1247
www.qqzeng-ip.com,zengzhan,qqzeng-ip,1215
msazure.visualstudio.com,Azure,iotedge,1207
sec-note.oss-cn-beijing.aliyuncs.com,1y0n,AV_Evasion_Tool,1207
mseng.visualstudio.com,microsoft,azure-pipelines-agent,1200
drive.google.com,Unity-Technologies,UniversalRenderingExamples,1196
bitoftech.net,tjoudeh,AngularJSAuthentication,1194
leanworkspace.visualstudio.com,zkavtaskin,Domain-Driven-Design-Example,1188
1.bp.blogspot.com,zkavtaskin,Domain-Driven-Design-Example,1188
sailro.visualstudio.com,sailro,Reflexil,1173
ci2.dot.net,dotnet,codeformatter,1172
build.powershell.org,ebekker,ACMESharp,1165
javscraper.com,JavScraper,Emby.Plugins.JavScraper,1163
statics.codedefault.com,lampo1024,DncZeus,1138
ww1.sinaimg.cn,yingDev,WGestures,1135
ww3.sinaimg.cn,yingDev,WGestures,1135
s01.flagcounter.com,ArduPilot,MissionPlanner,1125
opcfoundation.visualstudio.com,OPCFoundation,UA-.NETStandard,1120
badge-proxy.cds.internal.unity3d.com,Unity-Technologies,Graphics,1120
badge.waffle.io,Invoke-IR,PowerForensics,1100
httpreports2-1259586045.cos.ap-shanghai.myqcloud.com,dotnetcore,HttpReports,1099
lee-1259586045.cos.ap-shanghai.myqcloud.com,dotnetcore,HttpReports,1099
d585tldpucybw.cloudfront.net,telerik,UI-For-UWP,1093
i1.piimg.com,nilaoda,The-New-M3U8-Downloader,1087
files.unity3d.com,robertcupisz,LightShafts,1085
jwallet.github.io,jwallet,spy-spotify,1077
www.yourkit.com,unosquare,embedio,1076
unity-chan.com,unity3d-jp,unitychan-crs,1072
about.signpath.io,KirillOsenkov,MSBuildStructuredLog,1041
msbuildlog.com,KirillOsenkov,MSBuildStructuredLog,1041
placehold.it,sourcechord,FluentWPF,1022
49.media.tumblr.com,keijiro,KvantSpray,1021
45.media.tumblr.com,keijiro,KvantSpray,1021
flauschig.ch,TestStack,White,1004
